Comment Number,Reply Number,Like Count,Published At,Text
1,,151,2019-01-17T16:34:08Z,"So here it: the version of the ad that manly, angry, extremely online men apparently saw, sending them into conniptions. 
WATCH NEXT: Here's What Chromeo's Dave 1 Is Currently Obsessed With - http://bit.ly/2HuEzGz"
,1,0,2021-09-22T11:37:40Z,That’s dislike bar
,2,0,2019-08-02T20:53:33Z,"@ArhGee LMFAO, Gillette lost 8 billion for this, whose in denial now. Still laughing ,  at you."
,3,0,2019-05-27T07:40:06Z,VICE News what exactly are “extremely online” men
,4,0,2019-05-27T06:17:08Z,@ArhGee What's misogynistic about this whole thing. Can you please explain. I already know you would not reply. Because logic isnt your cup of tea.
,5,0,2019-01-25T14:15:06Z,"ArhGee oh, so you really like that Pepsi commercial?"
,6,0,2019-01-24T08:46:09Z,"A. Love your grammar ""manly, angry, extremely online men"" lol what?

B. Love how you take constructive criticism and turn it into hysteria. Getting on the train of love it or you're a hateful bigot train"
,7,0,2019-01-23T21:21:57Z,@ArhGee you a girl
,8,0,2019-01-23T15:56:46Z,A manly soyboy... cute
,9,0,2019-01-23T15:28:42Z,"@Zombiestew Anybody who uses ""npc"" as an insult is too stupid to listen to."
,10,0,2019-01-23T01:54:07Z,Oh it is Vice News...
,11,0,2019-01-23T00:06:25Z,"@Ian Martin Very astute of you to pick that up! It's because they are seen as ""the powers that have always been"", the ones who've always been in charge of western society and held them (feminists) back...That is exactly why they are targeted in this ad. It is a very intentional attack on white men for those very reasons."
,12,0,2019-01-22T21:02:30Z,Did you miss the part where they strongly implied that most men are terrible people?
,13,0,2019-01-21T21:10:59Z,Can you IMAGINE?
,14,0,2019-01-21T21:08:38Z,"We need a make up commercial that says... 
""Women we know you have a tendency to do this, but... 
- you dont HAVE to talk about your friends behind their backs... 
- you're not on stage, you dont HAVE to value appearances so much.""  etc. etc.
""BE BETTER""
#notallwomen

... VICE would lose their minds"
,15,0,2019-01-21T18:44:10Z,"why do you call  conspiracy videos nutjob? it's not conspiracy theory 
it's reality. wake up, we people always expose these evils and then the 
majority are laughing at us and calling us all sort of names"
,16,0,2019-01-20T19:38:50Z,"I think the ad was great. It is basically saying just be a damn human. Teach our boys to be human and treat other boys and girls as humans. That's it. It's saying to not teach our boys that being violent is equal to being ""manly,"" that being ""aggressive"" is equal to being manly and that being ""sexually abusive"" is manly. If you got offended by this ad, then it was meant for you to realize boys can be HUMAN too and they don't have to be this stereotypical neanderthal with no emotions, aggressive and violent. I would never teach my boys that any behavior like that is okay."
,17,0,2019-01-20T15:06:19Z,Now let's talk about toxic feminity
,18,0,2019-01-20T04:28:27Z,"I'm on the left and I am fucking triggered by this. If you are striving for an equal society this is about the worst way of doing it. There is no way this would be acceptable of anyone else. We are suppose to be eliminated negative stereotypes, not creating them."
,19,0,2019-01-20T02:37:25Z,@ArhGee actually i am a woman and i disagree with the ad and think its bad. Thanks bye.
,20,0,2019-01-19T23:40:36Z,"VICE News You guys are trash... And have been for a while... “apparently” the creator of context is always right.  It’s okay for man to get salty about not being called a woman, it’s okay for a woman take advantage of children and be called sick, but it’s not okay for reasonable, rational male (not this Billy Mays wannabe) to identify when they are being disrespected?"
2,,0,2023-02-17T17:59:58Z,I was abused by a woman in a relationship. Thanks for clearing up that it could only be my fault!
3,,0,2023-02-17T16:34:47Z,Thats exactly how I remember it.
4,,1,2022-12-06T15:55:03Z,I am so proud to say that my boycott CONTINUES of all of Gillette's products and will continue forever.
5,,0,2022-10-25T20:44:16Z,Its videos like this that influenced YouTube to remove the dislike meter
6,,0,2022-10-25T09:21:18Z,I thought the commercial was pretty good. Also my wife’s boyfriend agrees.
7,,0,2022-09-28T16:40:07Z,"After watching this commercial, I decided to purchase Costco Blades.  I have always bought Gillette shaving products for decades.  What an advertising concept!  Insult your customers as irredeemably defective and a danger to society.  Genius!  Some men are horrible, but most men are kind and giving and decent."
8,,0,2022-08-24T07:39:07Z,😆 Love his remix
9,,0,2022-08-19T05:42:00Z,Damn. I actually forgot how cool VICE used to be. WTF happened?
10,,1,2022-08-17T16:49:10Z,">simping for gillette
>has the ugliest beard I have ever seen and clearly has never shaved in his life."
11,,0,2022-08-05T19:30:54Z,This P&G woke shitty ad got me to traditional DE shaving and now I am free of P&G products 😄👍🏻💈 F.U. P&G 😆👍🏻👍🏾👍🏿
12,,1,2022-07-31T03:00:31Z,I will never buy a Gillette product as long as I live.  Not only that but I actively ask friends what they use and send them the commercial if they are still using the product.
13,,0,2022-06-29T20:52:39Z,Use Norelco Triple Header
14,,0,2022-06-26T13:20:51Z,Raaaaaaaaaaaaaaaaaaaauuuuuuuuuuuuuuuuuuuuuuuuuuullllllll!!!!!!!!!!!!
15,,1,2022-06-07T16:04:39Z,"Gaslighting, the video."
16,,0,2022-05-09T12:23:39Z,is this guy still with vice ?
17,,0,2022-05-09T12:15:33Z,"0:50 clearly a true ""intellectual"""
18,,0,2022-04-06T20:23:13Z,"Eh, REAL MEN don't need a razor!"
19,,0,2022-04-03T04:16:12Z,"The voiceover rendition of this ad is not the version that “manly, angry, extremely online” men saw.

It’s the version seen by all real mean who are neither hyper-masculine, roid-fueled degenerates or hypo-masculine pretentiousness-fueled degenerates."
20,,1,2022-04-03T04:05:56Z,"The true “best a man can get” is now Jeremy’s Razors.

."
