Comment Number,Reply Number,Like Count,Published At,Text
1,,0,2023-02-14T04:09:12Z,How did their market share get affected some years later?
2,,0,2023-02-13T14:00:44Z,High School C-grade students will be shown this in their marketing degrees as a masterclass of a cautionary tale.
3,,0,2022-11-17T10:55:50Z,Bring this back cuz cancel culture kills u for screwing up 100 years ago too😂
4,,0,2022-11-11T02:50:28Z,"After buying Gillette exclusively for 30 years, I haven’t bought a single Gillette product since this commercial aired."
5,,0,2022-10-09T18:59:07Z,I spent twenty years buying their razors. After that rotten commercial I bought an electric razor and never bought a single product from them.
6,,0,2022-09-30T01:17:18Z,Remington for me only.
7,,0,2022-09-13T06:21:48Z,No matter what gillette says I will never return.  Screw them
8,,0,2022-07-31T10:48:46Z,Bye gillette
9,,0,2022-06-07T18:22:52Z,"Soylette : Men are toxic 
Also Soylette : give priority of our products to the fat fu**s!"
10,,0,2022-05-18T21:51:36Z,I don't shave
